timestamp,system_state,temp_setpoint,humidity_setpoint,co2_setpoint,temp_probe1,temp_probe2,temp_probe3,temp_dht,temp_co2,humidity,co2_ppm,peltier_mode,peltier_duty,peltier_enabled,humidifier,internal_fan,vent_angle,vent_fan_speed,active_light_schedule,neopixel_color,neopixel_intensity,white_intensity,uv_intensity,photo_mode
2025-10-27T00:43:29.455057,standby,20.0,85.0,800.0,20.81,22.08,22.44,22.8,0.0,53.7,403,off,0.0,0,False,False,0,0.0,None,off,0,0,0,False
2025-10-27T00:44:59.474705,standby,20.0,85.0,800.0,20.81,22.14,22.44,22.7,0.0,54.3,403,off,0.0,0,False,False,0,0.0,None,off,0,0,0,False
2025-10-27T00:45:10.641550,standby,20.0,85.0,800.0,20.81,22.14,22.44,22.6,0.0,54.2,401,off,0.0,0,False,False,0,0.0,None,off,0,0,0,False
2025-10-27T00:45:21.839365,standby,20.0,85.0,800.0,20.81,22.14,22.5,22.6,0.0,54.1,403,off,0.0,0,False,False,0,0.0,None,off,0,0,0,False
2025-10-27T00:45:33.039270,standby,20.0,85.0,800.0,20.81,22.14,22.38,22.6,0.0,54.1,402,off,0.0,0,False,False,0,0.0,None,off,0,0,0,False
2025-10-27T00:45:44.238682,standby,20.0,85.0,800.0,20.81,22.14,22.44,22.6,0.0,54.1,403,off,0.0,0,False,False,0,0.0,None,off,0,0,0,False
2025-10-27T00:45:55.510979,standby,20.0,85.0,800.0,20.81,22.14,22.44,22.6,0.0,54.5,433,off,0.0,0,False,False,0,0.0,None,off,0,0,0,False
2025-10-27T00:46:06.702827,standby,20.0,85.0,800.0,20.75,22.14,22.44,22.6,0.0,55.0,526,off,0.0,0,False,False,0,0.0,None,off,0,0,0,False
2025-10-27T00:46:19.926695,standby,20.0,85.0,800.0,20.75,22.14,22.44,22.6,0.0,55.5,653,off,0.0,0,False,False,0,0.0,None,off,0,0,0,False
2025-10-27T00:46:31.383373,standby,20.0,85.0,800.0,20.75,22.14,22.44,22.6,0.0,55.5,915,off,0.0,0,False,False,0,0.0,None,off,0,0,0,False
2025-10-27T00:46:43.567357,standby,20.0,85.0,800.0,20.75,22.14,22.44,22.5,0.0,56.8,1201,off,0.0,0,False,False,0,0.0,None,off,0,0,0,False
2025-10-27T00:46:55.758763,standby,20.0,85.0,800.0,20.75,22.2,22.44,22.5,0.0,57.3,1431,off,0.0,0,False,False,0,0.0,None,off,0,0,0,False
2025-10-27T00:47:06.990329,standby,20.0,85.0,800.0,20.69,22.14,22.44,22.5,0.0,57.7,1599,off,0.0,0,False,False,0,0.0,None,off,0,0,0,False
2025-10-27T00:47:18.231119,active,20.0,85.0,800.0,20.69,22.14,22.44,22.5,0.0,58.2,1773,off,0.0,0,False,False,180,1.0,None,off,0,0,0,False
2025-10-27T00:47:30.448503,active,20.0,85.0,800.0,20.69,22.2,22.38,22.5,0.0,58.7,1893,off,0.0,0,False,False,180,1.0,None,off,0,0,0,False
2025-10-27T00:47:41.583281,active,20.0,85.0,800.0,20.69,22.2,22.44,22.4,0.0,59.1,1959,off,0.0,0,False,False,180,1.0,None,off,0,0,0,False
2025-10-27T00:47:52.784518,active,20.0,85.0,800.0,20.75,22.14,22.5,22.4,0.0,59.3,2003,off,0.0,0,False,False,180,1.0,None,off,0,0,0,False
2025-10-27T00:48:03.919644,active,20.0,85.0,800.0,20.75,22.2,22.44,22.4,0.0,59.4,2006,off,0.0,0,False,False,180,1.0,None,off,0,0,0,False
2025-10-27T00:48:15.151896,active,20.0,85.0,800.0,20.81,22.2,22.44,22.3,0.0,59.6,2008,off,0.0,0,False,False,180,1.0,None,off,0,0,0,False
2025-10-27T00:48:26.383716,active,20.0,85.0,800.0,20.81,22.14,22.44,22.3,0.0,59.6,2010,off,0.0,0,False,False,180,1.0,None,off,0,0,0,False
2025-10-27T00:48:37.615867,active,20.0,85.0,800.0,20.81,22.14,22.44,22.3,0.0,59.5,1906,off,0.0,0,False,False,180,1.0,None,off,0,0,0,False
2025-10-27T00:48:48.821493,active,20.0,85.0,800.0,20.81,22.2,22.38,22.3,0.0,59.5,1785,off,0.0,0,False,False,180,1.0,None,off,0,0,0,False
2025-10-27T00:49:00.017426,active,20.0,85.0,800.0,20.81,22.2,22.44,22.2,0.0,59.4,1687,off,0.0,0,False,False,180,1.0,None,off,0,0,0,False
2025-10-27T00:49:11.339626,active,20.0,85.0,800.0,20.81,22.2,22.44,22.2,0.0,59.4,1600,off,0.0,0,False,False,180,1.0,None,off,0,0,0,False
2025-10-27T00:49:22.511547,active,20.0,85.0,800.0,20.88,22.14,22.44,22.1,0.0,59.4,1495,off,0.0,0,False,False,180,1.0,None,off,0,0,0,False
2025-10-27T00:49:33.711907,active,20.0,85.0,800.0,20.88,22.2,22.38,22.1,0.0,59.4,1410,off,0.0,0,False,False,180,1.0,None,off,0,0,0,False
2025-10-27T00:49:44.911803,active,20.0,85.0,800.0,20.88,22.2,22.44,22.1,0.0,59.4,1305,off,0.0,0,False,False,180,1.0,None,off,0,0,0,False
2025-10-27T00:49:56.143717,active,20.0,85.0,800.0,20.81,22.2,22.44,22.1,0.0,59.4,1233,off,0.0,0,False,False,180,1.0,None,off,0,0,0,False
2025-10-27T00:50:07.324644,active,20.0,85.0,800.0,20.81,22.2,22.44,22.0,0.0,59.5,1172,off,0.0,0,False,False,180,1.0,None,off,0,0,0,False
2025-10-27T00:50:18.512433,active,20.0,85.0,800.0,20.81,22.14,22.38,22.0,0.0,59.4,1137,off,0.0,0,False,False,180,1.0,None,off,0,0,0,False
2025-10-27T00:50:29.714478,active,20.0,85.0,800.0,20.88,22.2,22.38,22.0,0.0,59.4,1098,off,0.0,0,False,False,180,1.0,None,off,0,0,0,False
2025-10-27T00:50:41.906524,active,20.0,85.0,800.0,20.81,22.14,22.44,22.0,0.0,59.3,1051,off,0.0,0,False,False,180,1.0,None,off,0,0,0,False
2025-10-27T00:50:54.136197,active,20.0,85.0,800.0,20.88,22.2,22.38,22.0,0.0,59.4,1005,off,0.0,0,False,False,163,0.91,None,off,0,0,0,False
2025-10-27T00:51:05.334553,active,20.0,85.0,800.0,20.88,22.2,22.38,21.9,0.0,59.5,971,off,0.0,0,False,False,151,0.842,None,off,0,0,0,False
2025-10-27T00:51:16.560615,active,20.0,85.0,800.0,20.88,22.2,22.38,21.9,0.0,59.5,939,off,0.0,0,False,False,140,0.778,None,off,0,0,0,False
2025-10-27T00:51:27.792294,active,20.0,85.0,800.0,20.88,22.14,22.38,21.9,0.0,59.5,911,off,0.0,0,False,False,129,0.722,None,off,0,0,0,False
2025-10-27T00:51:39.023685,active,20.0,85.0,800.0,20.88,22.2,22.38,21.8,0.0,59.5,892,off,0.0,0,False,False,123,0.684,None,off,0,0,0,False
2025-10-27T00:51:49.369821,active,20.0,85.0,800.0,20.88,22.2,22.38,21.8,0.0,59.5,883,off,0.0,0,False,False,119,0.666,None,off,0,0,0,False
2025-10-27T00:52:01.584196,active,20.0,85.0,800.0,20.88,22.14,22.31,21.8,0.0,59.6,846,off,0.0,0,False,False,106,0.592,None,off,0,0,0,False
2025-10-27T00:52:12.816645,active,20.0,85.0,800.0,20.81,22.14,22.38,21.8,0.0,59.6,753,off,0.0,0,False,False,73,0.406,None,off,0,0,0,False
2025-10-27T00:52:25.052498,active,20.0,85.0,800.0,20.88,22.2,22.38,21.8,0.0,59.5,697,off,0.0,0,False,False,54,0.3,None,off,0,0,0,False
2025-10-27T00:52:38.264639,active,20.0,85.0,800.0,20.88,22.14,22.38,21.8,0.0,59.6,659,off,0.0,0,False,False,54,0.3,None,off,0,0,0,False
2025-10-27T00:52:50.482887,active,20.0,85.0,800.0,20.81,22.14,22.38,21.7,0.0,59.4,633,off,0.0,0,False,False,54,0.3,None,off,0,0,0,False
2025-10-27T00:53:00.880092,active,20.0,85.0,800.0,20.81,22.14,22.31,21.7,0.0,59.4,618,off,0.0,0,False,False,54,0.3,None,off,0,0,0,False
2025-10-27T00:53:12.114891,active,20.0,85.0,800.0,20.88,22.14,22.38,21.7,0.0,59.4,609,off,0.0,0,False,False,54,0.3,None,off,0,0,0,False
2025-10-27T00:53:25.272917,active,20.0,85.0,800.0,20.88,22.14,22.31,21.7,0.0,59.5,604,off,0.0,0,False,False,54,0.3,None,off,0,0,0,False
2025-10-27T00:53:36.600066,active,20.0,85.0,800.0,20.88,22.08,22.38,21.7,0.0,59.5,603,off,0.0,0,False,False,54,0.3,None,off,0,0,0,False
2025-10-27T00:53:47.728218,active,20.0,85.0,800.0,20.88,22.08,22.38,21.6,0.0,59.7,603,off,0.0,0,False,False,54,0.3,None,off,0,0,0,False
2025-10-27T00:53:58.931880,active,20.0,85.0,800.0,20.88,22.14,22.38,21.6,0.0,59.9,603,off,0.0,0,False,False,54,0.3,None,off,0,0,0,False
2025-10-27T00:54:10.128276,active,20.0,85.0,800.0,20.81,22.08,22.38,21.6,0.0,60.1,606,off,0.0,0,False,False,54,0.3,None,off,0,0,0,False
2025-10-27T00:54:22.351829,active,20.0,85.0,800.0,20.88,22.08,22.31,21.5,0.0,60.2,610,off,0.0,0,False,False,54,0.3,None,off,0,0,0,False
2025-10-27T00:54:33.583873,active,20.0,85.0,800.0,20.88,22.01,22.38,21.6,0.0,60.3,614,off,0.0,0,False,False,54,0.3,None,off,0,0,0,False
2025-10-27T00:54:44.816186,active,20.0,85.0,800.0,20.88,22.08,22.31,21.5,0.0,60.3,617,off,0.0,0,False,False,54,0.3,None,off,0,0,0,False
2025-10-27T00:54:56.016650,active,20.0,85.0,800.0,20.88,22.01,22.38,21.5,0.0,60.4,618,off,0.0,0,False,False,54,0.3,None,off,0,0,0,False
2025-10-27T00:55:07.220225,active,20.0,85.0,800.0,20.81,22.08,22.31,21.5,0.0,60.5,618,off,0.0,0,False,False,54,0.3,None,off,0,0,0,False
2025-10-27T00:55:18.512365,active,20.0,85.0,800.0,20.88,22.08,22.31,21.5,0.0,60.6,619,off,0.0,0,False,False,54,0.3,None,off,0,0,0,False
2025-10-27T00:55:29.711728,active,20.0,85.0,800.0,20.88,22.08,22.38,21.5,0.0,60.6,618,off,0.0,0,False,False,54,0.3,None,off,0,0,0,False
2025-10-27T00:55:41.908437,active,20.0,85.0,800.0,20.81,22.08,22.31,21.5,0.0,60.7,616,off,0.0,0,False,False,54,0.3,None,off,0,0,0,False
2025-10-27T00:55:55.127533,active,20.0,85.0,800.0,20.81,22.08,22.31,21.4,0.0,60.7,612,off,0.0,0,False,False,54,0.3,None,off,0,0,0,False
2025-10-27T00:56:06.527484,active,20.0,85.0,800.0,20.81,22.01,22.38,21.4,0.0,60.7,608,off,0.0,0,False,False,54,0.3,None,off,0,0,0,False
2025-10-27T00:56:18.640171,active,20.0,85.0,800.0,20.81,22.08,22.31,21.4,0.0,60.3,601,off,0.0,0,False,False,54,0.3,None,off,0,0,0,False
2025-10-27T00:56:29.846052,active,20.0,85.0,800.0,20.81,22.01,22.31,21.4,0.0,60.3,593,off,0.0,0,False,False,54,0.3,None,off,0,0,0,False
2025-10-27T00:56:41.042187,active,20.0,85.0,800.0,20.81,22.01,22.31,21.4,0.0,60.1,575,off,0.0,0,False,False,54,0.3,None,off,0,0,0,False
2025-10-27T00:56:52.316629,active,20.0,85.0,800.0,20.81,21.95,22.31,21.4,0.0,60.0,545,off,0.0,0,False,False,0,0,None,off,0,0,0,False
2025-10-27T00:57:03.536550,active,20.0,85.0,800.0,20.81,21.95,22.31,21.4,0.0,59.8,517,off,0.0,0,False,False,0,0,None,off,0,0,0,False
2025-10-27T00:57:14.778737,active,20.0,85.0,800.0,20.81,21.95,22.31,21.4,0.0,59.7,494,off,0.0,0,False,False,0,0,None,off,0,0,0,False
2025-10-27T00:57:27.992055,active,20.0,85.0,800.0,20.75,22.01,22.25,21.3,0.0,59.7,484,off,0.0,0,False,False,0,0,None,off,0,0,0,False
2025-10-27T00:57:40.119700,active,20.0,85.0,800.0,20.81,22.01,22.31,21.3,0.0,59.7,484,off,0.0,0,False,False,0,0,None,off,0,0,0,False
2025-10-27T00:57:51.347872,active,20.0,85.0,800.0,20.75,21.95,22.31,21.3,0.0,59.7,484,off,0.0,0,False,False,0,0,None,off,0,0,0,False
2025-10-27T00:58:02.632931,active,20.0,85.0,800.0,20.75,22.01,22.31,21.3,0.0,59.9,487,off,0.0,0,False,False,0,0,None,off,0,0,0,False
2025-10-27T00:58:13.871572,active,20.0,85.0,800.0,20.69,21.95,22.31,21.3,0.0,60.1,550,off,0.0,0,False,False,0,0,None,off,0,0,0,False
2025-10-27T00:58:25.075513,active,20.0,85.0,800.0,20.69,21.95,22.31,21.3,0.0,60.3,645,off,0.0,0,False,False,0,0,None,off,0,0,0,False
2025-10-27T00:58:36.328468,active,20.0,85.0,800.0,20.69,21.95,22.31,21.3,0.0,60.6,700,off,0.0,0,False,False,0,0,None,off,0,0,0,False
2025-10-27T00:58:47.536600,active,20.0,85.0,800.0,20.62,21.95,22.31,21.3,0.0,60.9,753,off,0.0,0,False,False,0,0,None,off,0,0,0,False
2025-10-27T00:58:57.978000,active,20.0,85.0,800.0,20.62,21.95,22.31,21.3,0.0,61.0,797,off,0.0,0,False,False,0,0,None,off,0,0,0,False
2025-10-27T00:59:09.104563,active,20.0,85.0,800.0,20.62,21.95,22.31,21.3,0.0,61.4,849,off,0.0,0,False,False,107,0.598,None,off,0,0,0,False
2025-10-27T00:59:20.271551,active,20.0,85.0,800.0,20.62,21.95,22.25,21.3,0.0,61.8,891,off,0.0,0,False,False,122,0.682,None,off,0,0,0,False
2025-10-27T00:59:31.471797,active,20.0,85.0,800.0,20.69,21.95,22.25,21.3,0.0,61.9,926,off,0.0,0,False,False,135,0.752,None,off,0,0,0,False
2025-10-27T00:59:43.740105,active,20.0,85.0,800.0,20.62,21.95,22.25,21.3,0.0,62.0,961,off,0.0,0,False,False,147,0.822,None,off,0,0,0,False
2025-10-27T00:59:54.960120,active,20.0,85.0,800.0,20.69,21.95,22.25,21.3,0.0,62.0,998,off,0.0,0,False,False,161,0.896,None,off,0,0,0,False
2025-10-27T01:00:06.159433,active,20.0,85.0,800.0,20.69,21.95,22.19,21.3,0.0,61.8,1021,off,0.0,0,False,False,169,0.942,None,off,0,0,0,False
2025-10-27T01:00:17.360213,active,20.0,85.0,800.0,20.75,21.89,22.25,21.2,0.0,61.6,1034,off,0.0,0,False,False,174,0.968,None,off,0,0,0,False
2025-10-27T01:00:28.563765,active,20.0,85.0,800.0,20.69,21.89,22.25,21.2,0.0,61.4,1034,off,0.0,0,False,False,174,0.968,None,off,0,0,0,False
2025-10-27T01:00:40.752154,active,20.0,85.0,800.0,20.69,21.89,22.25,21.2,0.0,61.2,1034,off,0.0,0,False,False,174,0.968,None,off,0,0,0,False
2025-10-27T01:00:51.986552,active,20.0,85.0,800.0,20.75,21.89,22.25,21.2,0.0,60.9,968,off,0.0,0,False,False,150,0.836,None,off,0,0,0,False
2025-10-27T01:01:03.216013,active,20.0,85.0,800.0,20.75,21.82,22.25,21.2,0.0,60.6,845,off,0.0,0,False,False,106,0.59,None,off,0,0,0,False
2025-10-27T01:01:14.447959,active,20.0,85.0,800.0,20.75,21.82,22.25,21.2,0.0,60.3,803,off,0.0,0,False,False,91,0.506,None,off,0,0,0,False
2025-10-27T01:01:25.647760,active,20.0,85.0,800.0,20.75,21.82,22.19,21.2,0.0,60.2,770,off,0.0,0,False,False,79,0.44,None,off,0,0,0,False
2025-10-27T01:01:36.851549,active,20.0,85.0,800.0,20.75,21.82,22.19,21.2,0.0,60.2,732,off,0.0,0,False,False,65,0.364,None,off,0,0,0,False
2025-10-27T01:01:49.084121,active,20.0,85.0,800.0,20.75,21.82,22.25,21.2,0.0,60.0,700,off,0.0,0,False,False,54,0.3,None,off,0,0,0,False
2025-10-27T01:02:00.339719,active,20.0,85.0,800.0,20.75,21.82,22.19,21.2,0.0,60.0,671,off,0.0,0,False,False,54,0.3,None,off,0,0,0,False
2025-10-27T01:02:11.567716,active,20.0,85.0,800.0,20.75,21.82,22.19,21.2,0.0,59.8,655,off,0.0,0,False,False,54,0.3,None,off,0,0,0,False
2025-10-27T01:02:22.807915,active,20.0,85.0,800.0,20.81,21.82,22.19,21.2,0.0,59.6,642,off,0.0,0,False,False,54,0.3,None,off,0,0,0,False
2025-10-27T01:02:33.364408,active,20.0,85.0,800.0,20.75,21.82,22.19,21.2,0.0,59.6,631,off,0.0,0,False,False,54,0.3,None,off,0,0,0,False
2025-10-27T01:02:44.792347,active,20.0,85.0,800.0,20.75,21.82,22.19,21.2,0.0,59.6,609,off,0.0,0,False,False,54,0.3,None,off,0,0,0,False
2025-10-27T01:02:57.912492,active,20.0,85.0,800.0,20.75,21.82,22.19,21.1,0.0,59.3,582,off,0.0,0,False,False,54,0.3,None,off,0,0,0,False
2025-10-27T01:03:08.248314,active,20.0,85.0,800.0,20.81,21.82,22.19,21.1,0.0,59.2,565,off,0.0,0,False,False,54,0.3,None,off,0,0,0,False
2025-10-27T01:03:19.407859,active,20.0,85.0,800.0,20.75,21.76,22.19,21.1,0.0,59.1,552,off,0.0,0,False,False,54,0.3,None,off,0,0,0,False
2025-10-27T01:03:30.610345,active,20.0,85.0,800.0,20.81,21.76,22.19,21.1,0.0,59.1,544,off,0.0,0,False,False,0,0,None,off,0,0,0,False
2025-10-27T01:03:41.843941,active,20.0,85.0,800.0,20.75,21.76,22.19,21.1,0.0,59.2,534,off,0.0,0,False,False,0,0,None,off,0,0,0,False
2025-10-27T01:03:53.043141,active,20.0,85.0,800.0,20.75,21.76,22.19,21.1,0.0,59.3,522,off,0.0,0,False,False,0,0,None,off,0,0,0,False
2025-10-27T01:04:04.246658,active,20.0,85.0,800.0,20.75,21.76,22.19,21.1,0.0,59.3,520,off,0.0,0,False,False,0,0,None,off,0,0,0,False
2025-10-27T01:04:14.640253,active,20.0,85.0,800.0,20.69,21.76,22.19,21.1,0.0,59.4,520,off,0.0,0,False,False,0,0,None,off,0,0,0,False
2025-10-27T01:04:26.768783,active,20.0,85.0,800.0,20.69,21.76,22.19,21.1,0.0,59.5,520,off,0.0,0,False,False,0,0,None,off,0,0,0,False
2025-10-27T01:04:38.007434,active,20.0,85.0,800.0,20.69,21.76,22.19,21.1,0.0,59.6,573,off,0.0,0,False,False,0,0,None,off,0,0,0,False
2025-10-27T01:04:50.232685,active,20.0,85.0,800.0,20.62,21.76,22.12,21.1,0.0,59.7,636,off,0.0,0,False,False,0,0,None,off,0,0,0,False
2025-10-27T01:05:01.424460,active,20.0,85.0,800.0,20.62,21.76,22.19,21.1,0.0,60.0,681,off,0.0,0,False,False,0,0,None,off,0,0,0,False
2025-10-27T01:05:12.623694,active,20.0,85.0,800.0,20.62,21.76,22.19,21.1,0.0,60.3,723,off,0.0,0,False,False,0,0,None,off,0,0,0,False
2025-10-27T01:05:23.828208,active,20.0,85.0,800.0,20.62,21.76,22.19,21.1,0.0,60.6,766,off,0.0,0,False,False,0,0,None,off,0,0,0,False
2025-10-27T01:05:36.111807,active,20.0,85.0,800.0,20.56,21.76,22.19,21.1,0.0,60.8,810,off,0.0,0,False,False,93,0.52,None,off,0,0,0,False
2025-10-27T01:05:47.350556,active,20.0,85.0,800.0,20.56,21.76,22.19,21.1,0.0,61.1,847,off,0.0,0,False,False,106,0.594,None,off,0,0,0,False
2025-10-27T01:05:58.575799,active,20.0,85.0,800.0,20.62,21.76,22.12,21.1,0.0,61.4,876,off,0.0,0,False,False,117,0.652,None,off,0,0,0,False
2025-10-27T01:06:09.811945,active,20.0,85.0,800.0,20.62,21.76,22.12,21.1,0.0,61.6,906,off,0.0,0,False,False,128,0.712,None,off,0,0,0,False
2025-10-27T01:06:21.041375,active,20.0,85.0,800.0,20.62,21.76,22.12,21.1,0.0,61.7,929,off,0.0,0,False,False,136,0.758,None,off,0,0,0,False
2025-10-27T01:06:32.276082,active,20.0,85.0,800.0,20.62,21.76,22.12,21.1,0.0,61.6,940,off,0.0,0,False,False,140,0.78,None,off,0,0,0,False
2025-10-27T01:06:44.438571,active,20.0,85.0,800.0,20.69,21.7,22.12,21.1,0.0,61.3,944,off,0.0,0,False,False,141,0.788,None,off,0,0,0,False
2025-10-27T01:06:55.635075,active,20.0,85.0,800.0,20.69,21.7,22.12,21.1,0.0,61.2,944,off,0.0,0,False,False,141,0.788,None,off,0,0,0,False
2025-10-27T01:07:06.801245,active,20.0,85.0,800.0,20.69,21.7,22.12,21.1,0.0,61.0,944,off,0.0,0,False,False,141,0.788,None,off,0,0,0,False
2025-10-27T01:07:18.033099,active,20.0,85.0,800.0,20.75,21.7,22.19,21.0,0.0,60.7,941,off,0.0,0,False,False,140,0.782,None,off,0,0,0,False
2025-10-27T01:07:29.200222,active,20.0,85.0,800.0,20.69,21.7,22.06,21.1,0.0,60.6,935,off,0.0,0,False,False,138,0.77,None,off,0,0,0,False
2025-10-27T01:07:40.442792,active,20.0,85.0,800.0,20.69,21.7,22.12,21.0,0.0,60.4,923,off,0.0,0,False,False,134,0.746,None,off,0,0,0,False
2025-10-27T01:07:51.631451,active,20.0,85.0,800.0,20.69,21.7,22.12,21.0,0.0,60.2,903,off,0.0,0,False,False,127,0.706,None,off,0,0,0,False
2025-10-27T01:08:02.855543,active,20.0,85.0,800.0,20.75,21.7,22.12,21.0,0.0,60.1,877,off,0.0,0,False,False,117,0.654,None,off,0,0,0,False
2025-10-27T01:08:14.063987,active,20.0,85.0,800.0,20.69,21.7,22.06,21.0,0.0,60.0,853,off,0.0,0,False,False,109,0.606,None,off,0,0,0,False
2025-10-27T01:08:25.302890,active,20.0,85.0,800.0,20.75,21.7,22.12,21.0,0.0,59.8,829,off,0.0,0,False,False,100,0.558,None,off,0,0,0,False
2025-10-27T01:08:37.488583,active,20.0,85.0,800.0,20.75,21.64,22.12,21.0,0.0,59.8,804,off,0.0,0,False,False,91,0.508,None,off,0,0,0,False
2025-10-27T01:08:48.723439,active,20.0,85.0,800.0,20.75,21.7,22.06,21.0,0.0,59.7,776,off,0.0,0,False,False,81,0.452,None,off,0,0,0,False
2025-10-27T01:08:59.952937,active,20.0,85.0,800.0,20.69,21.64,22.12,21.0,0.0,59.8,754,off,0.0,0,False,False,73,0.408,None,off,0,0,0,False
2025-10-27T01:09:12.209659,active,20.0,85.0,800.0,20.75,21.7,22.12,21.0,0.0,59.9,739,off,0.0,0,False,False,68,0.378,None,off,0,0,0,False
2025-10-27T01:09:23.511225,active,20.0,85.0,800.0,20.75,21.7,22.12,21.0,0.0,59.9,731,off,0.0,0,False,False,65,0.362,None,off,0,0,0,False
2025-10-27T01:09:34.706817,active,20.0,85.0,800.0,20.75,21.64,22.12,21.0,0.0,59.7,717,off,0.0,0,False,False,60,0.334,None,off,0,0,0,False
2025-10-27T01:09:45.942597,active,20.0,85.0,800.0,20.75,21.64,22.12,21.0,0.0,59.5,702,off,0.0,0,False,False,54,0.304,None,off,0,0,0,False
2025-10-27T01:09:57.135576,active,20.0,85.0,800.0,20.75,21.64,22.12,21.0,0.0,59.5,691,off,0.0,0,False,False,54,0.3,None,off,0,0,0,False
2025-10-27T01:10:08.367909,active,20.0,85.0,800.0,20.75,21.64,22.12,21.0,0.0,59.4,675,off,0.0,0,False,False,54,0.3,None,off,0,0,0,False
2025-10-27T01:10:19.572235,active,20.0,85.0,800.0,20.75,21.64,22.06,21.0,0.0,59.3,649,off,0.0,0,False,False,54,0.3,None,off,0,0,0,False
2025-10-27T01:10:30.771039,active,20.0,85.0,800.0,20.75,21.64,22.12,21.0,0.0,59.3,617,off,0.0,0,False,False,54,0.3,None,off,0,0,0,False
2025-10-27T01:10:42.959698,active,20.0,85.0,800.0,20.75,21.64,22.06,21.0,0.0,59.2,585,off,0.0,0,False,False,54,0.3,None,off,0,0,0,False
2025-10-27T01:10:54.191942,active,20.0,85.0,800.0,20.75,21.64,22.12,21.0,0.0,59.2,562,off,0.0,0,False,False,54,0.3,None,off,0,0,0,False
2025-10-27T01:11:06.451456,active,20.0,85.0,800.0,20.75,21.64,22.06,21.0,0.0,59.2,548,off,0.0,0,False,False,0,0,None,off,0,0,0,False
2025-10-27T01:11:17.584041,active,20.0,85.0,800.0,20.75,21.64,22.06,21.0,0.0,59.2,540,off,0.0,0,False,False,0,0,None,off,0,0,0,False
2025-10-27T01:11:28.784632,active,20.0,85.0,800.0,20.75,21.64,22.06,21.0,0.0,59.2,534,off,0.0,0,False,False,0,0,None,off,0,0,0,False
2025-10-27T01:11:39.983779,active,20.0,85.0,800.0,20.75,21.64,22.12,21.0,0.0,59.3,528,off,0.0,0,False,False,0,0,None,off,0,0,0,False
2025-10-27T01:11:51.315891,active,20.0,85.0,800.0,20.75,21.64,22.06,21.0,0.0,59.4,526,off,0.0,0,False,False,0,0,None,off,0,0,0,False
2025-10-27T01:12:02.483893,active,20.0,85.0,800.0,20.69,21.58,22.06,21.0,0.0,59.5,526,off,0.0,0,False,False,0,0,None,off,0,0,0,False
2025-10-27T01:12:13.714596,active,20.0,85.0,800.0,20.75,21.58,22.06,21.0,0.0,59.7,528,off,0.0,0,False,False,0,0,None,off,0,0,0,False
2025-10-27T01:12:24.914527,active,20.0,85.0,800.0,20.69,21.58,22.06,21.0,0.0,59.9,572,off,0.0,0,False,False,0,0,None,off,0,0,0,False
2025-10-27T01:12:36.118722,active,20.0,85.0,800.0,20.62,21.58,22.06,21.0,0.0,60.2,637,off,0.0,0,False,False,0,0,None,off,0,0,0,False
2025-10-27T01:12:47.350632,active,20.0,85.0,800.0,20.62,21.64,22.12,21.0,0.0,60.4,673,off,0.0,0,False,False,0,0,None,off,0,0,0,False
2025-10-27T01:12:58.544706,active,20.0,85.0,800.0,20.62,21.58,22.12,21.0,0.0,60.6,703,off,0.0,0,False,False,0,0,None,off,0,0,0,False
2025-10-27T01:13:09.743613,active,20.0,85.0,800.0,20.62,21.64,22.06,21.0,0.0,60.8,731,off,0.0,0,False,False,0,0,None,off,0,0,0,False
2025-10-27T01:13:20.943837,active,20.0,85.0,800.0,20.62,21.58,22.06,21.0,0.0,61.1,762,off,0.0,0,False,False,0,0,None,off,0,0,0,False
2025-10-27T01:13:32.143936,active,20.0,85.0,800.0,20.62,21.58,22.06,21.0,0.0,61.3,796,off,0.0,0,False,False,0,0,None,off,0,0,0,False
2025-10-27T01:13:43.344292,active,20.0,85.0,800.0,20.62,21.58,22.06,21.0,0.0,61.5,831,off,0.0,0,False,False,101,0.562,None,off,0,0,0,False
2025-10-27T01:13:53.751643,active,20.0,85.0,800.0,20.56,21.58,22.06,20.9,0.0,61.6,860,off,0.0,0,False,False,111,0.62,None,off,0,0,0,False
2025-10-27T01:14:04.879616,active,20.0,85.0,800.0,20.62,21.51,22.06,21.0,0.0,61.8,892,off,0.0,0,False,False,123,0.684,None,off,0,0,0,False
2025-10-27T01:14:16.111541,active,20.0,85.0,800.0,20.62,21.58,22.06,20.9,0.0,61.9,912,off,0.0,0,False,False,130,0.724,None,off,0,0,0,False
2025-10-27T01:14:27.343234,active,20.0,85.0,800.0,20.69,21.58,22.06,21.0,0.0,61.8,924,off,0.0,0,False,False,134,0.748,None,off,0,0,0,False
2025-10-27T01:14:39.540477,active,20.0,85.0,800.0,20.62,21.58,22.06,20.9,0.0,61.7,929,off,0.0,0,False,False,136,0.758,None,off,0,0,0,False
2025-10-27T01:14:51.759782,active,20.0,85.0,800.0,20.69,21.58,22.06,20.9,0.0,61.5,930,off,0.0,0,False,False,136,0.76,None,off,0,0,0,False
2025-10-27T01:15:02.994510,active,20.0,85.0,800.0,20.69,21.58,22.06,20.9,0.0,61.3,930,off,0.0,0,False,False,136,0.76,None,off,0,0,0,False
2025-10-27T01:15:15.192498,active,20.0,85.0,800.0,20.69,21.58,22.06,21.0,0.0,61.3,929,off,0.0,0,False,False,136,0.758,None,off,0,0,0,False
2025-10-27T01:15:27.423130,active,20.0,85.0,800.0,20.69,21.58,22.06,20.9,0.0,61.1,920,off,0.0,0,False,False,133,0.74,None,off,0,0,0,False
2025-10-27T01:15:39.599625,active,20.0,85.0,800.0,20.69,21.58,22.0,20.9,0.0,60.9,904,off,0.0,0,False,False,127,0.708,None,off,0,0,0,False
2025-10-27T01:15:50.807919,active,20.0,85.0,800.0,20.69,21.51,22.0,20.9,0.0,60.7,884,off,0.0,0,False,False,120,0.668,None,off,0,0,0,False
2025-10-27T01:16:02.033044,active,20.0,85.0,800.0,20.69,21.51,22.06,21.0,0.0,60.6,859,off,0.0,0,False,False,111,0.618,None,off,0,0,0,False
2025-10-27T01:16:13.234750,active,20.0,85.0,800.0,20.69,21.51,22.0,20.9,0.0,60.6,827,off,0.0,0,False,False,99,0.554,None,off,0,0,0,False
2025-10-27T01:16:24.431673,active,20.0,85.0,800.0,20.69,21.51,22.06,20.9,0.0,60.5,797,off,0.0,0,False,False,88,0.494,None,off,0,0,0,False
2025-10-27T01:16:35.664557,active,20.0,85.0,800.0,20.69,21.51,22.0,20.9,0.0,60.3,773,off,0.0,0,False,False,80,0.446,None,off,0,0,0,False
2025-10-27T01:16:47.866702,active,20.0,85.0,800.0,20.69,21.51,21.94,20.9,0.0,60.3,756,off,0.0,0,False,False,74,0.412,None,off,0,0,0,False
2025-10-27T01:16:59.194535,active,20.0,85.0,800.0,20.69,21.51,22.0,20.9,0.0,60.3,742,off,0.0,0,False,False,69,0.384,None,off,0,0,0,False
2025-10-27T01:17:11.379170,active,20.0,85.0,800.0,20.75,21.51,22.0,20.9,0.0,60.3,732,off,0.0,0,False,False,65,0.364,None,off,0,0,0,False
2025-10-27T01:17:22.550872,active,20.0,85.0,800.0,20.69,21.45,22.06,20.9,0.0,60.3,719,off,0.0,0,False,False,60,0.338,None,off,0,0,0,False
2025-10-27T01:17:34.767657,active,20.0,85.0,800.0,20.75,21.51,22.0,20.9,0.0,60.1,698,off,0.0,0,False,False,54,0.3,None,off,0,0,0,False
2025-10-27T01:17:45.208936,active,20.0,85.0,800.0,20.75,21.51,22.0,20.9,0.0,60.1,682,off,0.0,0,False,False,54,0.3,None,off,0,0,0,False
2025-10-27T01:17:56.406447,active,20.0,85.0,800.0,20.75,21.51,22.0,20.9,0.0,59.9,661,off,0.0,0,False,False,54,0.3,None,off,0,0,0,False
2025-10-27T01:18:06.835148,active,20.0,85.0,800.0,20.75,21.45,22.0,20.9,0.0,59.8,642,off,0.0,0,False,False,54,0.3,None,off,0,0,0,False
2025-10-27T01:18:17.969000,active,20.0,85.0,800.0,20.75,21.51,22.0,20.9,0.0,59.7,623,off,0.0,0,False,False,54,0.3,None,off,0,0,0,False
2025-10-27T01:18:29.167768,active,20.0,85.0,800.0,20.75,21.51,22.0,20.9,0.0,59.6,607,off,0.0,0,False,False,54,0.3,None,off,0,0,0,False
2025-10-27T01:18:40.368758,active,20.0,85.0,800.0,20.75,21.45,22.0,20.9,0.0,59.6,593,off,0.0,0,False,False,54,0.3,None,off,0,0,0,False
2025-10-27T01:18:51.568298,active,20.0,85.0,800.0,20.75,21.51,22.0,20.9,0.0,59.4,582,off,0.0,0,False,False,54,0.3,None,off,0,0,0,False
2025-10-27T01:19:02.774508,active,20.0,85.0,800.0,20.75,21.45,22.0,20.9,0.0,59.4,567,off,0.0,0,False,False,54,0.3,None,off,0,0,0,False
2025-10-27T01:19:13.974564,active,20.0,85.0,800.0,20.69,21.45,22.0,20.9,0.0,59.6,556,off,0.0,0,False,False,54,0.3,None,off,0,0,0,False
2025-10-27T01:19:26.162725,active,20.0,85.0,800.0,20.75,21.45,21.94,20.9,0.0,59.6,544,off,0.0,0,False,False,0,0,None,off,0,0,0,False
2025-10-27T01:19:37.391951,active,20.0,85.0,800.0,20.75,21.45,22.0,20.9,0.0,59.6,534,off,0.0,0,False,False,0,0,None,off,0,0,0,False
2025-10-27T01:19:49.686550,active,20.0,85.0,800.0,20.75,21.45,22.0,20.9,0.0,59.6,524,off,0.0,0,False,False,0,0,None,off,0,0,0,False
2025-10-27T01:20:00.912047,active,20.0,85.0,800.0,20.69,21.45,22.0,20.9,0.0,59.6,522,off,0.0,0,False,False,0,0,None,off,0,0,0,False
2025-10-27T01:20:14.232202,active,20.0,85.0,800.0,20.75,21.45,22.0,20.9,0.0,59.6,522,off,0.0,0,False,False,0,0,None,off,0,0,0,False
2025-10-27T01:20:25.424158,active,20.0,85.0,800.0,20.69,21.45,22.0,20.9,0.0,59.8,522,off,0.0,0,False,False,0,0,None,off,0,0,0,False
2025-10-27T01:20:36.840272,active,20.0,85.0,800.0,20.69,21.45,22.0,20.9,0.0,60.0,561,off,0.0,0,False,False,0,0,None,off,0,0,0,False
2025-10-27T01:20:49.072268,active,20.0,85.0,800.0,20.69,21.45,21.94,20.9,0.0,60.2,618,off,0.0,0,False,False,0,0,None,off,0,0,0,False
2025-10-27T01:21:01.338007,active,20.0,85.0,800.0,20.62,21.45,22.0,20.9,0.0,60.4,657,off,0.0,0,False,False,0,0,None,off,0,0,0,False
2025-10-27T01:21:12.559481,active,20.0,85.0,800.0,20.62,21.45,22.0,20.9,0.0,60.6,683,off,0.0,0,False,False,0,0,None,off,0,0,0,False
2025-10-27T01:21:23.762557,active,20.0,85.0,800.0,20.62,21.45,21.94,20.9,0.0,60.8,704,off,0.0,0,False,False,0,0,None,off,0,0,0,False
2025-10-27T01:21:35.960346,active,20.0,85.0,800.0,20.56,21.45,22.0,20.9,0.0,61.0,732,off,0.0,0,False,False,0,0,None,off,0,0,0,False
2025-10-27T01:21:46.297668,active,20.0,85.0,800.0,20.56,21.45,21.94,20.9,0.0,61.1,762,off,0.0,0,False,False,0,0,None,off,0,0,0,False
2025-10-27T01:21:56.635871,active,20.0,85.0,800.0,20.56,21.45,22.0,20.9,0.0,61.3,789,off,0.0,0,False,False,0,0,None,off,0,0,0,False
2025-10-27T01:22:07.858508,active,20.0,85.0,800.0,20.56,21.45,21.94,20.9,0.0,61.7,815,off,0.0,0,False,False,95,0.53,None,off,0,0,0,False
2025-10-27T01:22:19.119479,active,20.0,85.0,800.0,20.56,21.45,22.0,20.9,0.0,61.9,836,off,0.0,0,False,False,102,0.572,None,off,0,0,0,False
2025-10-27T01:22:31.251652,active,20.0,85.0,800.0,20.56,21.45,21.94,20.9,0.0,62.1,859,off,0.0,0,False,False,111,0.618,None,off,0,0,0,False
2025-10-27T01:22:43.480348,active,20.0,85.0,800.0,20.62,21.45,21.94,20.9,0.0,62.3,882,off,0.0,0,False,False,119,0.664,None,off,0,0,0,False
2025-10-27T01:22:55.703896,active,20.0,85.0,800.0,20.62,21.45,21.94,20.9,0.0,62.3,899,off,0.0,0,False,False,125,0.698,None,off,0,0,0,False
2025-10-27T01:23:06.095800,active,20.0,85.0,800.0,20.62,21.45,21.94,20.9,0.0,62.2,901,off,0.0,0,False,False,126,0.702,None,off,0,0,0,False
2025-10-27T01:23:17.362511,active,20.0,85.0,800.0,20.62,21.45,21.94,20.9,0.0,62.1,901,off,0.0,0,False,False,126,0.702,None,off,0,0,0,False
2025-10-27T01:23:28.591879,active,20.0,85.0,800.0,20.62,21.45,21.94,20.9,0.0,62.0,901,off,0.0,0,False,False,126,0.702,None,off,0,0,0,False
2025-10-27T01:23:39.830545,active,20.0,85.0,800.0,20.62,21.45,21.94,20.9,0.0,62.0,884,off,0.0,0,False,False,120,0.668,None,off,0,0,0,False
2025-10-27T01:23:51.087517,active,20.0,85.0,800.0,20.69,21.45,21.94,20.9,0.0,61.8,841,off,0.0,0,False,False,104,0.582,None,off,0,0,0,False
2025-10-27T01:24:02.352049,active,20.0,85.0,800.0,20.69,21.45,21.94,20.9,0.0,61.8,798,off,0.0,0,False,False,89,0.496,None,off,0,0,0,False
2025-10-27T01:24:13.615528,active,20.0,85.0,800.0,20.62,21.45,21.88,20.9,0.0,61.8,760,off,0.0,0,False,False,75,0.42,None,off,0,0,0,False
2025-10-27T01:24:23.960842,active,20.0,85.0,800.0,20.62,21.39,21.94,20.9,0.0,61.7,731,off,0.0,0,False,False,65,0.362,None,off,0,0,0,False
2025-10-27T01:24:34.300071,active,20.0,85.0,800.0,20.75,21.45,21.94,20.9,0.0,61.6,708,off,0.0,0,False,False,56,0.316,None,off,0,0,0,False
2025-10-27T01:24:46.480317,active,20.0,85.0,800.0,20.69,21.39,21.88,20.9,0.0,61.5,679,off,0.0,0,False,False,54,0.3,None,off,0,0,0,False
2025-10-27T01:24:57.776466,active,20.0,85.0,800.0,20.69,21.45,21.88,20.9,0.0,61.4,653,off,0.0,0,False,False,54,0.3,None,off,0,0,0,False
2025-10-27T01:25:09.999282,active,20.0,85.0,800.0,20.75,21.45,21.88,20.9,0.0,61.3,623,off,0.0,0,False,False,54,0.3,None,off,0,0,0,False
2025-10-27T01:25:21.231511,active,20.0,85.0,800.0,20.75,21.45,21.94,20.9,0.0,61.3,608,off,0.0,0,False,False,54,0.3,None,off,0,0,0,False
2025-10-27T01:25:32.464388,active,20.0,85.0,800.0,20.69,21.45,21.88,20.9,0.0,61.4,599,off,0.0,0,False,False,54,0.3,None,off,0,0,0,False
2025-10-27T01:25:43.727761,active,20.0,85.0,800.0,20.75,21.45,21.94,20.9,0.0,61.4,597,off,0.0,0,False,False,54,0.3,None,off,0,0,0,False
2025-10-28T18:18:02.847439,standby,20.0,85.0,800.0,22.0,22.08,22.62,21.5,0.0,70.0,402,off,0.0,0,False,False,0,0.0,None,off,0,0,0,False
2025-10-28T18:18:15.111953,standby,20.0,85.0,800.0,22.0,22.14,22.69,23.0,0.0,58.9,403,off,0.0,0,False,False,0,0.0,None,off,0,0,0,False
2025-10-28T18:18:28.298026,standby,20.0,85.0,800.0,21.94,22.14,22.69,23.0,0.0,59.4,403,off,0.0,0,False,False,0,0.0,None,off,0,0,0,False
2025-10-28T18:18:40.412113,standby,20.0,85.0,800.0,22.0,22.14,22.69,23.0,0.0,59.8,404,off,0.0,0,False,False,0,0.0,None,off,0,0,0,False
2025-10-28T18:18:51.708972,standby,19.0,88.0,700.0,22.0,22.14,22.62,23.1,0.0,60.2,403,off,0.0,0,False,False,0,0.0,None,off,0,0,0,False
2025-10-28T18:19:03.033974,active,19.0,88.0,700.0,21.94,22.14,22.69,23.1,0.0,60.1,401,cool,1.0,1,False,True,0,0,None,off,0,0,0,False
2025-10-28T18:19:15.550266,active,19.0,88.0,700.0,22.0,22.08,22.75,23.1,0.0,60.1,403,cool,1.0,1,False,True,0,0,None,off,0,0,0,False
2025-10-28T18:19:27.899572,active,19.0,88.0,700.0,22.0,22.14,23.12,23.1,0.0,60.2,404,cool,1.0,1,False,True,0,0,None,off,0,0,0,False
2025-10-28T18:19:39.262993,active,19.0,88.0,700.0,22.0,22.08,23.62,23.1,0.0,60.8,404,cool,1.0,1,False,True,0,0,None,off,0,0,0,False
2025-10-28T18:19:49.705674,active,19.0,88.0,700.0,22.0,22.01,24.06,23.1,0.0,60.8,403,cool,1.0,1,False,True,0,0,None,off,0,0,0,False
2025-10-28T18:20:00.831214,active,19.0,88.0,700.0,22.0,21.89,24.5,23.0,0.0,61.7,403,cool,1.0,1,False,True,0,0,None,off,0,0,0,False
2025-10-28T18:20:14.118264,active,19.0,88.0,700.0,22.0,21.76,24.94,23.0,0.0,61.9,403,cool,1.0,1,False,True,0,0,None,off,0,0,0,False
2025-10-28T18:20:26.331166,active,19.0,88.0,700.0,22.0,21.64,25.44,23.0,0.0,62.7,402,cool,1.0,1,False,True,0,0,None,off,0,0,0,False
